{
    "serverinfo": {
        "name": "Default Server",
        "description": "powered by dcts.chat",
        "port": 2052,
        "setup": 0,
        "maxUploadStorage": 50,
        "useCloudflareImageCDN": 0,
        "cfAccountId": "",
        "cfAccountToken": "",
        "cfHash": "",
        "rateLimit": "128",
        "dropInterval": "5",
        "uploadFileTypes": [
            "image/png",
            "image/jpeg",
            "image/gif",
            "image/webp",
            "audio/mpeg"
        ],
        "ssl": {
            "key": "/etc/letsencrypt/live/EXAMPLE.COM/privkey.pem",
            "cert": "/etc/letsencrypt/live/EXAMPLE.COM/cert.pem",
            "chain": "/etc/letsencrypt/live/EXAMPLE.com/chain.pem",
            "enabled": 0
        },
        "tenor": {
            "enabled": 0,
            "api_key": "KEY_HERE",
            "client_key": "VALUE_HERE",
            "limit": 50
        }
    },
    "serverroles": {
        "0": {
            "info": {
                "id": "0",
                "name": "Member",
                "icon": null,
                "color": "#FFFFFF",
                "deletable": 0,
                "sortId": 1,
                "displaySeperate": 1,
                "hasRole": 1
            },
            "permissions": {
                "readMessages": 1,
                "sendMessages": 1,
                "uploadFiles": 1,
                "redeemKey": 1,
                "maxUpload": "7",
                "manageChannels": 0
            },
            "members": [

            ],
            "token": []
        },
        "1": {
            "info": {
                "id": "1",
                "name": "Offline",
                "icon": null,
                "color": "#7C808A",
                "deletable": 0,
                "sortId": 0,
                "displaySeperate": 1,
                "hasRole": 0
            },
            "permissions": {},
            "members": [],
            "token": []
        },
        "1111": {
            "info": {
                "id": 1111,
                "name": "Admininistrator",
                "icon": null,
                "color": "#ff0000",
                "deletable": 0,
                "sortId": 3,
                "displaySeperate": 1,
                "hasRole": 1
            },
            "permissions": {
                "readMessages": 1,
                "administrator": 1,
                "manageChannels": 0
            },
            "members": [

            ],
            "token": [

            ]
        }
    },
    "groups": {
        "0": {
            "info": {
                "id": 0,
                "name": "Home",
                "icon": "img/default_icon.png",
                "banner": "/img/default_banner.png",
                "isDeletable": 1,
                "sortId": 2,
                "access": []
            },
            "channels": {
                "categories": {
                    "0": {
                        "info": {
                            "id": 0,
                            "name": "General",
                            "sortId": 2
                        },
                        "channel": {
                            "1039": {
                                "id": 1039,
                                "name": "chat",
                                "type": "text",
                                "description": "Default Channel Description",
                                "sortId": 0,
                                "permissions": {
                                    "0": {
                                        "readMessages": 1,
                                        "sendMessages": 1,
                                        "viewChannel": 1
                                    }
                                }
                            }
                        }
                    }
                }
            },
            "permissions": {
                "0": {
                    "viewGroup": 1,
                    "sendMessages": 1,
                    "readMessages": 1
                }
            }
        }
    },
    "servermembers": {

    },
    "ipblacklist": [],
    "banlist": {}
}