{
    "serverinfo": {
        "name": "Default Server",
        "description": "powered by dcts.chat",
        "port": 2052,
        "setup": 0,
        "maxUploadStorage": 50,
        "useCloudflareImageCDN": 0,
        "cfAccountId": "",
        "cfAccountToken": "",
        "cfHash": "",
        "rateLimit": "256",
        "dropInterval": "5",
        "ssl": {
            "key": "/path/to/privkey.pem",
            "cert": "/path/to/cert.pem",
            "chain": "/path/to/chain.pem",
            "enabled": 0
        },
        "tenor": {
            "enabled": 0,
            "api_key": "",
            "client_key": "",
            "limit": 50
        },
        "defaultChannel": "0",
        "sql": {
            "enabled": false,
            "host": "localhost",
            "username": "",
            "password": "",
            "database": "dcts",
            "connectionLimit": 10
        },
        "uploadFileTypes": [
            "image/png",
            "image/jpeg",
            "image/gif",
            "image/webp",
            "audio/mpeg",
            "video/mp4",
            "video/quicktime",
            "audio/vnd.wave"
        ],
        "messageLoadLimit": 50,
        "moderation": {
            "messaging": {
                "repeatedMessages": {
                    "enabled": false,
                    "counter": 0,
                    "actions": {},
                    "timespan": 0,
                    "bypassers": []
                },
                "blacklist": {
                    "enabled": false,
                    "words": [],
                    "actions": {},
                    "channels": [],
                    "userprofile": true,
                    "bypassers": []
                }
            },
            "ai": {
                "profanity_check_enabled": true,
                "spam_check_enabled": true,
                "spam_api_key": "",
                "profanity_api_key": ""
            },
            "bans": {
                "ipBanDuration": "10 minutes",
                "memberListHideBanned": true
            }
        },
        "registration": {
            "enabled": true,
            "accessCodes": []
        },
        "login": {
            "maxLoginAttempts": 5
        }
    },
    "serverroles": {
        "0": {
            "info": {
                "id": "0",
                "name": "Member",
                "icon": null,
                "color": "#FFFFFF",
                "deletable": 0,
                "sortId": 1,
                "displaySeperate": 1,
                "hasRole": 1
            },
            "permissions": {
                "readMessages": 1,
                "sendMessages": 1,
                "uploadFiles": 1,
                "maxUpload": "7",
                "viewChannelHistory": 1,
                "redeemKey": 1
            },
            "members": [
            ],
            "token": []
        },
        "1": {
            "info": {
                "id": "1",
                "name": "Offline",
                "icon": null,
                "color": "#7C808A",
                "deletable": 0,
                "sortId": 0,
                "displaySeperate": 1,
                "hasRole": 0
            },
            "permissions": {},
            "members": [],
            "token": []
        },
        "1111": {
            "info": {
                "id": 1111,
                "name": "Admininistrator",
                "icon": null,
                "color": "#ff0000",
                "deletable": 0,
                "sortId": 3,
                "displaySeperate": 1,
                "hasRole": 1
            },
            "permissions": {
                "readMessages": 1,
                "administrator": 1,
                "manageChannels": 0
            },
            "members": [
            ],
            "token": [
            ]
        }
    },
    "groups": {
        "0": {
            "info": {
                "id": 0,
                "name": "Home",
                "icon": "/img/default_icon.png",
                "banner": "/img/default_banner.png",
                "isDeletable": 1,
                "sortId": 2,
                "access": []
            },
            "channels": {
                "categories": {
                    "0": {
                        "info": {
                            "id": 0,
                            "name": "General",
                            "sortId": 0
                        },
                        "channel": {
                            "0": {
                                "id": 0,
                                "name": "chat",
                                "type": "text",
                                "description": "Default Channel Description",
                                "sortId": 0,
                                "permissions": {
                                    "0": {
                                        "viewChannelHistory": 1,
                                        "readMessages": 1,
                                        "sendMessages": 1,
                                        "viewChannel": 1
                                    }
                                }
                            }
                        }
                    }
                }
            },
            "permissions": {
                "0": {
                    "viewGroup": 1,
                    "viewChannel": 1,
                    "sendMessages": 1,
                    "readMessages": 1
                }
            }
        }
    },
    "servermembers": {},
    "ipblacklist": {},
    "banlist": {},
    "mutelist": {}
}